"Date(UTC)","OrderNo","Pair","Type","Side","Order Price","Order Amount","Time","Executed","Average Price","Trading total","Status"
"2021-12-23 19:55:58","18506561","MLNBUSD","Limit","SELL","97","10MLN","2021-12-28 12:42:06","10MLN","97","970BUSD","FILLED"
"2021-12-20 00:33:42","18442373","MLNBUSD","Limit","SELL","88.8","10MLN","2021-12-23 19:54:00","0MLN","0","0BUSD","CANCELED"
"2021-12-15 09:56:32","58462095","ARBUSD","Limit","BUY","36.66","0.3AR","2021-12-15 14:47:32","0.3AR","36.66","10.998BUSD","FILLED"
"2021-12-15 09:54:31","172004059","FTMBUSD","Limit","BUY","1.3111","210FTM","2021-12-15 14:34:42","210FTM","1.3111","275.331BUSD","FILLED"
"2021-12-13 10:12:35","245032136","LUNABUSD","Limit","BUY","58.88","4LUNA","2021-12-13 10:53:14","4LUNA","58.88","235.52BUSD","FILLED"
"2021-12-11 21:11:29","242504516","LUNABUSD","Limit","BUY","48.88","5LUNA","2021-12-13 10:11:20","0LUNA","0","0BUSD","CANCELED"
"2021-12-11 21:10:42","242503529","LUNABUSD","Limit","BUY","51.11","5LUNA","2021-12-13 21:23:37","0LUNA","0","0BUSD","CANCELED"
"2021-12-11 21:10:03","242502430","LUNABUSD","Limit","BUY","54.44","5LUNA","2021-12-13 19:22:23","5LUNA","54.44","272.2BUSD","FILLED"
"2021-12-11 21:04:01","242488607","LUNABUSD","Limit","BUY","57.77","5LUNA","2021-12-11 21:31:44","5LUNA","57.77","288.85BUSD","FILLED"
"2021-12-11 21:01:54","242484052","LUNABUSD","Limit","BUY","58.55","5LUNA","2021-12-11 21:03:20","0LUNA","0","0BUSD","CANCELED"
"2021-12-11 20:59:34","242480955","LUNABUSD","Limit","BUY","58.88","5LUNA","2021-12-11 21:00:33","5LUNA","58.88","294.4BUSD","FILLED"
"2021-12-09 21:22:23","238405035","LUNABUSD","Limit","BUY","66.88","0.9LUNA","2021-12-09 21:24:10","0.9LUNA","66.88","60.192BUSD","FILLED"
"2021-12-08 23:14:34","245545114","AVAXBUSD","Limit","BUY","90.22","16AVAX","2021-12-09 09:07:14","16AVAX","90.22","1443.52BUSD","FILLED"
"2021-12-08 23:13:25","245544492","AVAXBUSD","Limit","BUY","88.77","50AVAX","2021-12-09 12:04:29","50AVAX","88.77","4438.5BUSD","FILLED"
"2021-12-08 23:07:29","56950504","ARBUSD","Limit","BUY","44.66","50AR","2021-12-09 09:37:30","50AR","44.66","2233BUSD","FILLED"
"2021-12-08 22:58:58","239697401","MANABUSD","Limit","BUY","3.4343","200MANA","2021-12-09 20:13:20","200MANA","3.4343","686.86BUSD","FILLED"
"2021-12-08 22:56:02","164131406","FTMBUSD","Limit","BUY","1.5599","2000FTM","2021-12-09 02:20:21","2000FTM","1.5599","3119.8BUSD","FILLED"
"2021-12-08 11:02:15","238654399","MANABUSD","Limit","BUY","3.383","200MANA","2021-12-08 23:01:01","0MANA","0","0BUSD","CANCELED"
"2021-12-08 10:58:40","83897384","EURBUSD","Limit","SELL","1.13","5000EUR","2021-12-08 11:27:42","5000EUR","1.13","5650BUSD","FILLED"
"2021-12-06 23:40:39","243077848","AVAXBUSD","Limit","BUY","83.38","5AVAX","2021-12-09 20:43:39","5AVAX","83.38","416.9BUSD","FILLED"
"2021-12-06 23:38:47","234732685","MANABUSD","Limit","BUY","3.33","200MANA","2021-12-08 11:00:28","0MANA","0","0BUSD","CANCELED"
"2021-12-06 23:34:57","161334780","FTMBUSD","Limit","BUY","1.3777","1000FTM","2021-12-11 20:59:03","0FTM","0","0BUSD","CANCELED"
"2021-12-06 23:32:41","56292885","ARBUSD","Limit","BUY","40.11","40AR","2021-12-11 00:05:52","40AR","40.11","1604.4BUSD","FILLED"
"2021-12-06 23:30:39","243069344","AVAXBUSD","Limit","BUY","78.98","20AVAX","2021-12-11 00:17:39","20AVAX","78.98","1579.6BUSD","FILLED"
"2021-12-06 23:27:59","83777869","EURBUSD","Limit","SELL","1.131","5000EUR","2021-12-08 14:26:40","5000EUR","1.131","5655BUSD","FILLED"
"2021-12-05 18:16:58","83603352","EURBUSD","Limit","SELL","1.131","5000EUR","2021-12-05 22:51:24","5000EUR","1.131","5655BUSD","FILLED"
"2021-12-03 19:12:32","83285772","EURBUSD","Limit","SELL","1.133","5000EUR","2021-12-05 18:16:16","0EUR","0","0BUSD","CANCELED"
"2021-12-03 08:05:37","55014990","ARBUSD","Limit","BUY","54.15","35AR","2021-12-03 16:08:47","35AR","54.15","1895.25BUSD","FILLED"
"2021-12-03 08:03:59","55014843","ARBUSD","Limit","BUY","54.33","34.89AR","2021-12-03 08:04:18","0AR","0","0BUSD","CANCELED"
"2021-12-03 07:52:36","236813963","AVAXBUSD","Limit","BUY","103.66","34AVAX","2021-12-03 17:01:25","34AVAX","103.66","3524.44BUSD","FILLED"
"2021-12-03 07:47:33","155119390","FTMBUSD","Limit","BUY","2.0555","130FTM","2021-12-03 16:05:09","130FTM","2.0555","267.215BUSD","FILLED"
"2021-11-30 08:06:08","232567386","AVAXBUSD","Limit","BUY","101.11","35AVAX","2021-12-03 07:51:24","0AVAX","0","0BUSD","CANCELED"
"2021-11-30 08:01:55","1025201122","BNBBUSD","Limit","SELL","656.6","10BNB","2022-02-24 21:43:41","0BNB","0","0BUSD","CANCELED"
"2021-11-30 07:50:18","211898679","ATOMBUSD","Limit","BUY","26.22","25ATOM","2021-12-02 00:43:56","25ATOM","26.22","655.5BUSD","FILLED"
"2021-11-30 07:32:40","54258819","ARBUSD","Limit","BUY","53.55","35AR","2021-12-03 07:56:13","0AR","0","0BUSD","CANCELED"
"2021-11-29 21:47:25","629427481","ADABUSD","Limit","SELL","1.614","41363.6ADA","2021-11-29 21:48:08","0ADA","0","0BUSD","CANCELED"
"2021-11-27 23:06:53","229040314","AVAXBUSD","Limit","BUY","104.44","12.8AVAX","2021-11-28 02:41:21","12.8AVAX","104.44","1336.832BUSD","FILLED"
"2021-11-27 19:20:23","53485482","ARBUSD","Limit","BUY","52.33","30AR","2021-11-28 18:31:41","30AR","52.33","1569.9BUSD","FILLED"
"2021-11-27 19:10:08","338410109","CAKEBUSD","Limit","BUY","12.88","150CAKE","2021-11-28 01:39:31","150CAKE","12.88","1932BUSD","FILLED"
"2021-11-27 19:04:18","228732891","AVAXBUSD","Limit","BUY","103.33","10AVAX","2021-11-28 17:38:26","10AVAX","103.33","1033.3BUSD","FILLED"
"2021-11-26 08:49:20","1018167899","BNBBUSD","Limit","SELL","633.6","10BNB","2021-11-30 01:00:11","10BNB","633.6","6336BUSD","FILLED"
"2021-11-26 08:47:40","1018160265","BNBBUSD","Limit","SELL","587.9","10BNB","2021-11-26 13:00:21","10BNB","587.9","5879BUSD","FILLED"
"2021-11-24 22:54:59","336949153","CAKEBUSD","Limit","BUY","13.83","0.93CAKE","2021-11-26 07:38:22","0.93CAKE","13.83","12.8619BUSD","FILLED"
"2021-11-24 22:44:15","43625786","AVAXEUR","Limit","BUY","88.66","67.67AVAX","2021-11-30 08:06:53","0AVAX","0","0EUR","CANCELED"
"2021-11-24 22:33:53","43623205","AVAXEUR","Limit","BUY","100","1AVAX","2021-11-24 22:39:16","0AVAX","0","0EUR","CANCELED"
"2021-11-24 22:29:59","208979348","ATOMBUSD","Limit","BUY","27.33","43ATOM","2021-11-26 08:17:34","43ATOM","27.33","1175.19BUSD","FILLED"
"2021-11-24 22:07:31","208974761","ATOMBUSD","Limit","BUY","29.33","40ATOM","2021-11-24 22:29:23","0ATOM","0","0BUSD","CANCELED"
"2021-11-24 21:47:23","1015213867","BNBBUSD","Limit","SELL","587.9","2BNB","2021-11-24 22:02:20","2BNB","587.9","1175.8BUSD","FILLED"
"2021-11-23 23:04:35","1013728803","BNBBUSD","Limit","SELL","604.9","2BNB","2021-11-24 21:46:19","0BNB","0","0BUSD","CANCELED"
"2021-11-23 22:37:55","51855100","ARBUSD","Limit","BUY","55.66","20AR","2021-11-26 08:21:44","20AR","55.66","1113.2BUSD","FILLED"
"2021-11-23 22:31:44","336500478","CAKEBUSD","Limit","BUY","14.14","30CAKE","2021-11-24 14:42:00","30CAKE","14.14","424.2BUSD","FILLED"
"2021-11-22 22:15:57","17578679","MLNBUSD","Limit","SELL","129.9","10MLN","2021-12-20 00:30:38","0MLN","0","0BUSD","CANCELED"
"2021-11-22 22:12:23","364718490","MATICBUSD","Limit","SELL","1.666","908.3MATIC","2021-11-23 15:27:24","908.3MATIC","1.666","1513.2278BUSD","FILLED"
"2021-11-22 21:59:44","336048290","CAKEBUSD","Limit","BUY","14.66","70CAKE","2021-11-23 07:24:58","70CAKE","14.66","1026.2BUSD","FILLED"
"2021-11-22 21:57:35","139623724","FTMBUSD","Limit","BUY","1.9444","450FTM","2021-11-22 23:45:45","450FTM","1.9444","874.98BUSD","FILLED"
"2021-11-22 21:55:19","336047019","CAKEBUSD","Limit","BUY","14.94","35CAKE","2021-11-22 23:58:35","35CAKE","14.94","522.9BUSD","FILLED"
"2021-11-22 21:50:26","139618759","FTMBUSD","Limit","BUY","1.9383","550FTM","2021-11-23 00:09:50","550FTM","1.9383","1066.065BUSD","FILLED"
"2021-11-22 21:34:53","139603682","FTMBUSD","Limit","BUY","1.9469","601FTM","2021-11-22 21:38:19","601FTM","1.9469","1170.0869BUSD","FILLED"
"2021-11-22 21:32:16","336037575","CAKEBUSD","Limit","BUY","14.66","45CAKE","2021-11-22 21:58:36","0CAKE","0","0BUSD","CANCELED"
"2021-11-22 21:27:25","18722283","KLAYBUSD","Limit","SELL","1.452","469.1KLAY","2021-11-22 21:27:30","469.1KLAY","1.452","681.1332BUSD","FILLED"
"2021-11-21 21:41:57","18653357","KLAYBUSD","Limit","SELL","1.888","469.1KLAY","2021-11-22 21:26:28","0KLAY","0","0BUSD","CANCELED"
"2021-11-21 19:00:23","335497635","CAKEBUSD","Limit","BUY","15.11","15CAKE","2021-11-22 00:08:37","15CAKE","15.11","226.65BUSD","FILLED"
"2021-11-19 20:31:23","9221379","RAREBUSD","Limit","SELL","2.222","100RARE","2021-11-21 15:19:25","100RARE","2.222","222.2BUSD","FILLED"
"2021-11-19 20:23:18","334831323","CAKEBUSD","Limit","BUY","14.55","84CAKE","2021-11-22 21:02:59","84CAKE","14.55","1222.2BUSD","FILLED"
"2021-11-19 20:17:04","78090669","ATABUSD","Limit","SELL","1.013","1200ATA","2021-11-19 20:17:04","1200ATA","1.01351758","1216.2211BUSD","FILLED"
"2021-11-19 20:06:52","215580664","AVAXBUSD","Limit","BUY","88.99","20AVAX","2021-11-22 21:53:18","0AVAX","0","0BUSD","CANCELED"
"2021-11-18 21:04:54","173603908","MANABUSD","Limit","BUY","3.6606","10MANA","2021-11-18 21:04:54","10MANA","3.6606","36.606BUSD","FILLED"
"2021-11-18 21:04:12","173602003","MANABUSD","Limit","BUY","2.3344","500MANA","2021-11-22 21:33:53","0MANA","0","0BUSD","CANCELED"
"2021-11-18 18:56:35","134383282","FTMBUSD","Limit","BUY","1.7777","601FTM","2021-11-22 21:43:22","0FTM","0","0BUSD","CANCELED"
"2021-11-17 21:37:30","49651543","ARBUSD","Limit","BUY","52.44","20AR","2021-11-18 15:24:33","20AR","52.44","1048.8BUSD","FILLED"
"2021-11-17 12:09:57","132538360","FTMBUSD","Limit","BUY","2.1111","395FTM","2021-11-17 15:27:35","395FTM","2.1111","833.8845BUSD","FILLED"
"2021-11-17 12:05:19","203937366","ATOMBUSD","Limit","BUY","28.33","35ATOM","2021-11-17 13:19:04","35ATOM","28.33","991.55BUSD","FILLED"
"2021-11-17 11:10:49","211740639","AVAXBUSD","Limit","BUY","91.88","20AVAX","2021-11-18 17:07:13","0AVAX","0","0BUSD","CANCELED"
"2021-11-17 09:20:31","36571972","KEEPBUSD","Limit","SELL","0.7211","3997KEEP","2021-11-17 09:20:31","3997KEEP","0.7211","2882.2367BUSD","FILLED"
"2021-11-17 09:03:45","36564399","KEEPBUSD","Limit","SELL","0.7244","3997KEEP","2021-11-17 09:19:24","0KEEP","0","0BUSD","CANCELED"
"2021-11-17 08:34:39","49489360","ARBUSD","Limit","BUY","57.77","15AR","2021-11-17 15:15:09","15AR","57.77","866.55BUSD","FILLED"
"2021-11-17 08:30:17","333463671","CAKEBUSD","Limit","BUY","15.55","66CAKE","2021-11-18 13:21:20","66CAKE","15.55","1026.3BUSD","FILLED"
"2021-11-17 08:26:19","203818187","ATOMBUSD","Limit","BUY","27.11","37ATOM","2021-11-18 15:13:19","37ATOM","27.11","1003.07BUSD","FILLED"
"2021-11-16 14:42:37","203315810","ATOMBUSD","Limit","BUY","28.55","20ATOM","2021-11-16 19:48:46","20ATOM","28.55","571BUSD","FILLED"
"2021-11-16 14:38:51","131215779","FTMBUSD","Limit","BUY","2.07","350FTM","2021-11-17 12:09:30","0FTM","0","0BUSD","CANCELED"
"2021-11-16 14:32:58","210144608","AVAXBUSD","Limit","BUY","91.11","2AVAX","2021-11-16 14:34:57","0AVAX","0","0BUSD","CANCELED"
"2021-11-16 14:31:34","210142426","AVAXBUSD","Limit","BUY","91.77","10AVAX","2021-11-16 14:31:42","10AVAX","91.77","917.7BUSD","FILLED"
"2021-11-16 14:29:39","333005650","CAKEBUSD","Limit","BUY","16.66","50CAKE","2021-11-16 20:38:17","50CAKE","16.66","833BUSD","FILLED"
"2021-11-16 14:26:33","210133684","AVAXBUSD","Limit","BUY","91.81","10AVAX","2021-11-16 14:28:06","0AVAX","0","0BUSD","CANCELED"
"2021-11-16 14:21:42","210124215","AVAXBUSD","Limit","BUY","88.88","25AVAX","2021-11-18 17:12:02","0AVAX","0","0BUSD","CANCELED"
"2021-11-16 13:58:38","332992861","CAKEBUSD","Limit","BUY","17.11","50CAKE","2021-11-16 14:29:06","0CAKE","0","0BUSD","CANCELED"
"2021-11-16 11:47:31","203218361","ATOMBUSD","Limit","BUY","29.44","40ATOM","2021-11-16 11:49:32","40ATOM","29.44","1177.6BUSD","FILLED"
"2021-11-16 11:34:23","49128516","ARBUSD","Limit","BUY","55.66","30AR","2021-11-18 04:37:53","30AR","55.66","1669.8BUSD","FILLED"
"2021-11-16 11:33:09","49128119","ARBUSD","Limit","BUY","45.66","20AR","2021-11-17 08:33:49","0AR","0","0BUSD","CANCELED"
"2021-11-16 11:28:21","209942420","AVAXBUSD","Limit","BUY","85.55","12.28AVAX","2021-11-17 21:36:32","0AVAX","0","0BUSD","CANCELED"
"2021-11-11 10:26:13","47813684","ARBUSD","Limit","BUY","45.66","151.11AR","2021-11-16 11:32:23","0AR","0","0BUSD","CANCELED"
"2021-11-11 10:02:46","81335416","EURBUSD","Limit","BUY","1.142","6700EUR","2021-11-11 11:00:28","6700EUR","1.142","7651.4BUSD","FILLED"
"2021-11-11 09:55:09","81334922","EURBUSD","Limit","BUY","1.141","6700EUR","2021-11-11 10:02:38","0EUR","0","0BUSD","CANCELED"
"2021-11-10 21:07:31","386038456","LINKBUSD","Limit","SELL","36.66","26.49LINK","2021-11-11 08:59:16","26.49LINK","36.66","971.1234BUSD","FILLED"
"2021-11-08 15:47:30","7104190","RAREBUSD","Limit","BUY","1.701","200RARE","2021-11-08 15:50:52","0RARE","0","0BUSD","CANCELED"
"2021-11-08 15:43:02","201299005","AVAXBUSD","Limit","BUY","94.91","0.2AVAX","2021-11-08 15:43:03","0.2AVAX","94.91","18.982BUSD","FILLED"
"2021-11-08 15:41:39","122016015","FTMBUSD","Limit","BUY","3.1303","4FTM","2021-11-08 15:41:39","4FTM","3.1303","12.5212BUSD","FILLED"
"2021-11-08 15:33:21","329634338","CAKEBUSD","Limit","BUY","17.88","50CAKE","2021-11-10 21:48:43","50CAKE","17.88","894BUSD","FILLED"
"2021-11-08 14:24:13","614551693","ADABUSD","Limit","BUY","1.919","3000ADA","2021-11-09 17:39:49","0ADA","0","0BUSD","CANCELED"
"2021-11-08 14:08:19","201165877","AVAXBUSD","Limit","BUY","62.62","50AVAX","2021-11-16 14:21:59","0AVAX","0","0BUSD","CANCELED"
"2021-11-08 14:06:04","121879383","FTMBUSD","Limit","BUY","2.4242","2000FTM","2021-11-10 21:24:39","2000FTM","2.4242","4848.4BUSD","FILLED"
"2021-11-01 11:10:34","195031304","AVAXBUSD","Limit","BUY","56.56","50AVAX","2021-11-08 14:07:31","0AVAX","0","0BUSD","CANCELED"
"2021-11-01 11:06:18","113661429","FTMBUSD","Limit","BUY","2.228","2000FTM","2021-11-08 14:05:05","0FTM","0","0BUSD","CANCELED"
"2021-10-30 13:57:57","80092209","EURBUSD","Limit","BUY","1.15","10000EUR","2021-11-05 13:16:34","10000EUR","1.15","11500BUSD","FILLED"
"2021-10-15 21:31:29","176570501","LUNABUSD","Limit","BUY","33.77","200LUNA","2021-11-11 10:12:19","0LUNA","0","0BUSD","CANCELED"
"2021-10-15 21:26:11","38561831","ARBUSD","Limit","BUY","51.15","20AR","2021-10-17 20:03:21","20AR","51.15","1023BUSD","FILLED"
"2021-10-15 21:12:39","183839903","AVAXBUSD","Limit","BUY","51.51","60AVAX","2021-11-01 11:10:49","0AVAX","0","0BUSD","CANCELED"
"2021-10-15 21:05:03","319115540","CAKEBUSD","Limit","BUY","19.19","200CAKE","2021-10-17 20:05:27","200CAKE","19.19","3838BUSD","FILLED"
"2021-10-15 20:57:50","86725717","FTMBUSD","Limit","BUY","1.911","1570FTM","2021-11-01 11:11:39","0FTM","0","0BUSD","CANCELED"
"2021-10-15 20:49:56","176551882","LUNABUSD","Limit","BUY","33.44","300LUNA","2021-10-15 20:50:09","0LUNA","0","0BUSD","CANCELED"
"2021-10-15 20:38:24","113654801","ZECBUSD","Limit","BUY","101.1","10ZEC","2021-11-16 11:26:23","0ZEC","0","0BUSD","CANCELED"
"2021-10-13 18:19:49","338624352","DOTBUSD","Limit","SELL","39.44","21DOT","2021-10-13 18:26:58","21DOT","39.44","828.24BUSD","FILLED"
"2021-10-13 09:38:34","950225987","BNBBUSD","Limit","SELL","461.1","6BNB","2021-10-13 10:25:27","6BNB","461.1","2766.6BUSD","FILLED"
"2021-10-13 09:34:45","950219016","BNBBUSD","Limit","SELL","466.4","30BNB","2021-10-13 22:40:16","30BNB","466.4","13992BUSD","FILLED"
"2021-10-12 21:32:49","68167821","ATABUSD","Limit","SELL","1.8765","1100ATA","2021-10-15 20:22:05","0ATA","0","0BUSD","CANCELED"
"2021-10-12 21:28:55","15664116","MLNBUSD","Limit","SELL","188.1","10MLN","2021-10-15 20:23:20","0MLN","0","0BUSD","CANCELED"
"2021-10-12 21:12:40","2542950","RAREBUSD","Limit","BUY","2.222","100RARE","2021-10-13 05:59:49","100RARE","2.222","222.2BUSD","FILLED"
"2021-10-11 19:59:03","172401426","LUNABUSD","Limit","BUY","27.89","100LUNA","2021-10-15 20:29:12","0LUNA","0","0BUSD","CANCELED"
"2021-10-11 19:58:23","172400410","LUNABUSD","Limit","BUY","24.44","200LUNA","2021-10-15 20:23:42","0LUNA","0","0BUSD","CANCELED"
"2021-10-07 12:15:15","112754002","ZECBUSD","Limit","BUY","101.1","10ZEC","2021-10-15 20:37:12","0ZEC","0","0BUSD","CANCELED"
"2021-10-05 12:00:09","367226650","LINKBUSD","Limit","SELL","33.33","426.49LINK","2021-10-15 20:39:15","0LINK","0","0BUSD","CANCELED"
"2021-10-05 11:57:47","387593411","SOLBUSD","Limit","SELL","198.3","6SOL","2021-10-15 20:40:39","0SOL","0","0BUSD","CANCELED"
"2021-10-04 13:55:30","366782302","LINKBUSD","Limit","SELL","26.88","85LINK","2021-10-04 13:59:15","85LINK","26.88","2284.8BUSD","FILLED"
"2021-10-03 22:52:56","163275341","LUNABUSD","Limit","SELL","47.89","100LUNA","2021-10-04 11:45:47","100LUNA","47.89","4789BUSD","FILLED"
"2021-10-03 22:50:45","163274444","LUNABUSD","Limit","SELL","44.2","200LUNA","2021-10-04 04:33:27","200LUNA","44.2","8840BUSD","FILLED"
"2021-10-03 21:43:54","163233688","LUNABUSD","Limit","SELL","44.2","300LUNA","2021-10-03 22:49:49","0LUNA","0","0BUSD","CANCELED"
"2021-09-23 13:32:02","321807890","MATICBUSD","Limit","BUY","1.01","400MATIC","2021-10-15 20:32:45","0MATIC","0","0BUSD","CANCELED"
"2021-09-23 12:28:39","148347470","LUNABUSD","Limit","BUY","22.33","300LUNA","2021-10-15 20:26:22","0LUNA","0","0BUSD","CANCELED"
"2021-09-21 23:53:28","146249022","LUNABUSD","Limit","BUY","12.22","300LUNA","2021-09-23 12:27:11","0LUNA","0","0BUSD","CANCELED"
"2021-09-21 22:57:05","146191110","LUNABUSD","Limit","SELL","25.33","300LUNA","2021-09-21 23:00:27","300LUNA","25.33","7599BUSD","FILLED"
"2021-09-20 13:43:33","573462479","ADABUSD","Limit","BUY","2.01","9ADA","2021-09-21 00:13:58","9ADA","2.01","18.09BUSD","FILLED"
"2021-09-13 19:01:02","353837831","LINKBUSD","Limit","BUY","24.55","85LINK","2021-09-20 11:08:23","85LINK","24.55","2086.75BUSD","FILLED"
"2021-09-13 18:59:41","565427430","ADABUSD","Limit","BUY","2.045","1000ADA","2021-09-20 11:42:07","1000ADA","2.045","2045BUSD","FILLED"
"2021-09-13 18:57:14","353836380","LINKBUSD","Limit","BUY","24.55","2.44LINK","2021-09-13 19:00:19","0LINK","0","0BUSD","CANCELED"
"2021-09-13 18:41:24","565415302","ADABUSD","Limit","BUY","2.045","2000ADA","2021-09-13 18:58:58","0ADA","0","0BUSD","CANCELED"
"2021-09-10 23:08:53","301715811","SOLBUSD","Limit","BUY","155.66","125SOL","2021-09-13 03:55:39","125SOL","155.66","19457.5BUSD","FILLED"
"2021-09-10 23:04:03","134230478","LUNABUSD","Limit","BUY","38.11","300LUNA","2021-09-11 17:21:01","300LUNA","38.11","11433BUSD","FILLED"
"2021-09-10 23:00:34","134225928","LUNABUSD","Limit","SELL","38.34","300LUNA","2021-09-10 23:00:34","300LUNA","38.42253333","11526.76BUSD","FILLED"
"2021-09-08 19:32:18","290172210","SOLBUSD","Limit","BUY","144.44","125SOL","2021-09-10 23:00:50","0SOL","0","0BUSD","CANCELED"
"2021-09-08 19:29:51","290162129","SOLBUSD","Limit","BUY","142.33","125SOL","2021-09-08 19:31:23","0SOL","0","0BUSD","CANCELED"
"2021-09-07 19:55:42","285833095","SOLBUSD","Limit","SELL","188.11","125SOL","2021-09-08 19:22:32","125SOL","188.11","23513.75BUSD","FILLED"
"2021-08-17 08:05:39","286859586","MATICBUSD","Limit","BUY","1.3888","300MATIC","2021-08-17 20:18:06","300MATIC","1.3888","416.64BUSD","FILLED"
"2021-08-17 08:04:24","286858720","MATICBUSD","Limit","BUY","1.24","500MATIC","2021-09-07 15:06:59","500MATIC","1.24","620BUSD","FILLED"
"2021-08-16 08:38:08","285625573","MATICBUSD","Limit","BUY","1.53833","100MATIC","2021-08-16 08:38:14","100MATIC","1.53833","153.833BUSD","FILLED"
"2021-08-15 10:03:24","71766144","EURBUSD","Limit","SELL","1.1678","1000EUR","2021-08-15 22:01:38","1000EUR","1.1678","1167.8BUSD","FILLED"
"2021-08-15 07:30:42","71743038","EURBUSD","Limit","SELL","1.1818","2000EUR","2021-08-29 10:14:15","0EUR","0","0BUSD","CANCELED"
"2021-08-15 07:29:14","513191923","ADABUSD","Limit","BUY","1.8766","500ADA","2021-08-18 01:14:18","500ADA","1.8766","938.3BUSD","FILLED"
"2021-08-15 07:27:11","513190182","ADABUSD","Limit","BUY","2.0404","500ADA","2021-08-15 07:47:37","500ADA","2.0404","1020.2BUSD","FILLED"
"2021-08-14 20:13:02","71684016","EURBUSD","Limit","SELL","1.1666","250EUR","2021-08-15 00:15:48","250EUR","1.1666","291.65BUSD","FILLED"
"2021-08-14 19:37:55","71680704","EURBUSD","Limit","SELL","1.1627","1500EUR","2021-08-14 19:37:55","1500EUR","1.16350307","1745.254609BUSD","FILLED"
"2021-08-14 13:58:01","511847772","ADABUSD","Limit","BUY","2.1444","555ADA","2021-08-14 20:16:48","555ADA","2.1444","1190.142BUSD","FILLED"
"2021-07-31 00:22:35","2591459696","ETHBUSD","Limit","BUY","2356.78","0.05ETH","2021-08-03 08:27:49","0ETH","0","0BUSD","CANCELED"
"2021-07-31 00:20:42","493338419","ADABUSD","Limit","BUY","1.2567","100ADA","2021-08-14 13:56:19","0ADA","0","0BUSD","CANCELED"
"2021-07-31 00:19:22","248429110","DOTBUSD","Limit","BUY","14.88","10DOT","2021-08-14 13:56:10","0DOT","0","0BUSD","CANCELED"
"2021-07-31 00:17:44","86814381","KSMBUSD","Limit","BUY","187.65","1KSM","2021-08-14 13:56:16","0KSM","0","0BUSD","CANCELED"
"2021-07-31 00:11:24","69069228","EURBUSD","Limit","SELL","1.183","500EUR","2021-07-31 00:14:48","500EUR","1.183","591.5BUSD","FILLED"
"2021-07-26 15:30:09","85373873","KSMBUSD","Limit","BUY","196.66","18.4603KSM","2021-07-26 17:07:03","18.4603KSM","196.66","3630.402598BUSD","FILLED"
"2021-07-22 01:21:28","67406763","EURBUSD","Limit","SELL","1.1711","3100EUR","2021-07-26 00:58:54","3100EUR","1.1711","3630.41BUSD","FILLED"
"2021-07-22 01:19:59","67406677","EURBUSD","Limit","SELL","1.195","2000EUR","2021-08-14 13:56:04","0EUR","0","0BUSD","CANCELED"
"2021-07-22 01:19:02","67406637","EURBUSD","Limit","SELL","1.1887","3750EUR","2021-08-14 13:56:06","0EUR","0","0BUSD","CANCELED"
"2021-07-22 01:16:37","67406414","EURBUSD","Limit","SELL","1.1788","3000EUR","2021-07-27 23:12:58","0EUR","0","0BUSD","CANCELED"
"2021-07-22 01:15:27","67406271","EURBUSD","Limit","SELL","1.1711","3500.08EUR","2021-07-22 01:20:27","0EUR","0","0BUSD","CANCELED"
"2021-07-15 15:08:24","478289254","ADABUSD","Limit","BUY","1.1111","863.7ADA","2021-07-20 01:06:21","863.7ADA","1.1111","959.65707BUSD","FILLED"
"2021-07-15 15:07:57","478289001","ADABUSD","Limit","BUY","1.1833","810.99ADA","2021-07-16 08:45:25","810.99ADA","1.1833","959.644467BUSD","FILLED"
"2021-07-15 15:07:34","478288767","ADABUSD","Limit","BUY","1.1833","1621.99ADA","2021-07-15 15:07:48","0ADA","0","0BUSD","CANCELED"
"2021-07-15 14:57:15","2489385143","ETHBUSD","Limit","BUY","1822.22","1.05326ETH","2021-07-19 12:34:58","1.05326ETH","1822.22","1919.2714372BUSD","FILLED"
"2021-07-15 05:41:35","2486498837","ETHBUSD","Limit","BUY","1901.01","0.46844ETH","2021-07-15 12:01:28","0.46844ETH","1901.01","890.5091244BUSD","FILLED"
"2021-07-10 11:51:31","2458508626","ETHBUSD","Limit","BUY","2077.77","4ETH","2021-07-10 17:35:56","4ETH","2077.77","8311.08BUSD","FILLED"
"2021-07-09 05:49:40","65461634","EURBUSD","Limit","SELL","1.1855","3765.49EUR","2021-07-09 10:46:53","3765.49EUR","1.1855","4463.988395BUSD","FILLED"
"2021-07-09 05:49:08","65461608","EURBUSD","Limit","SELL","1.1844","4000EUR","2021-07-09 08:05:22","4000EUR","1.1844","4737.6BUSD","FILLED"
"2021-07-08 21:19:31","2447315269","ETHBUSD","Limit","BUY","2128.14","0.40173ETH","2021-07-08 21:51:27","0.40173ETH","2128.14","854.9376822BUSD","FILLED"
"2021-07-08 21:09:40","3711909","KEEPBUSD","Limit","BUY","0.2777","1000KEEP","2021-07-08 21:54:25","1000KEEP","0.2777","277.7BUSD","FILLED"
"2021-07-08 21:05:30","3711560","KEEPBUSD","Limit","BUY","0.2877","1000KEEP","2021-07-08 21:06:14","1000KEEP","0.2877","287.7BUSD","FILLED"
"2021-07-08 21:02:41","19509327","ATABUSD","Limit","BUY","0.439","400ATA","2021-07-08 21:30:57","400ATA","0.439","175.6BUSD","FILLED"
"2021-07-08 21:01:58","19509295","ATABUSD","Limit","BUY","0.43777","483ATA","2021-07-08 22:01:17","483ATA","0.43777","211.44291BUSD","FILLED"
"2021-07-08 20:56:36","19508156","ATABUSD","Limit","BUY","0.43333","983ATA","2021-07-08 21:01:15","0ATA","0","0BUSD","CANCELED"
"2021-07-08 20:49:33","4437569","KLAYBUSD","Limit","BUY","0.9191","400KLAY","2021-07-09 00:42:58","400KLAY","0.9191","367.64BUSD","FILLED"
"2021-07-08 20:39:17","1219850","MLNBUSD","Limit","BUY","86.68","6MLN","2021-07-08 21:36:02","6MLN","86.68","520.08BUSD","FILLED"
"2021-07-08 20:31:59","79666722","RUNEBUSD","Limit","BUY","5.912","180RUNE","2021-07-09 00:44:37","180RUNE","5.912","1064.16BUSD","FILLED"
"2021-07-08 13:52:48","65398135","EURBUSD","Limit","SELL","1.1859","7765EUR","2021-07-09 05:47:47","0EUR","0","0BUSD","CANCELED"
"2021-07-08 13:26:28","470982865","ADABUSD","Limit","BUY","1.1555","3322ADA","2021-07-15 14:56:16","0ADA","0","0BUSD","CANCELED"
"2021-07-08 13:24:46","227670275","DOTBUSD","Limit","BUY","14.888","500DOT","2021-07-09 01:08:16","500DOT","14.888","7444BUSD","FILLED"
"2021-07-08 13:06:02","2445106165","ETHBUSD","Limit","BUY","2136.66","2ETH","2021-07-08 13:33:16","2ETH","2136.66","4273.32BUSD","FILLED"
"2021-07-08 13:04:21","65393046","EURBUSD","Limit","SELL","1.1855","10000EUR","2021-07-08 13:51:59","2284.33EUR","1.1855","2708.073215BUSD","PARTIALLY_FILLED"
"2021-07-08 12:58:44","2445062290","ETHBUSD","Limit","BUY","2133.33","2ETH","2021-07-08 13:05:36","0ETH","0","0BUSD","CANCELED"
"2021-07-08 12:12:48","65387165","EURBUSD","Limit","SELL","1.1888","10000EUR","2021-07-08 13:03:42","0EUR","0","0BUSD","CANCELED"
"2021-07-08 12:11:30","2444786695","ETHBUSD","Limit","BUY","2030.4","5.42384ETH","2021-07-12 17:35:40","5.42384ETH","2030.4","11012.564736BUSD","FILLED"
"2021-07-08 11:49:46","65384871","EURBUSD","Limit","SELL","1.1833","1500EUR","2021-07-08 12:31:20","1500EUR","1.1833","1774.95BUSD","FILLED"
"2021-07-08 10:26:25","227524398","DOTBUSD","Limit","BUY","14.888","590DOT","2021-07-08 13:24:28","0DOT","0","0BUSD","CANCELED"
"2021-07-08 10:21:59","65374196","EURBUSD","Limit","SELL","1.1844","4221.54EUR","2021-07-08 12:49:32","4221.54EUR","1.1844","4999.991976BUSD","FILLED"
"2021-07-08 10:21:18","65374161","EURBUSD","Limit","SELL","1.183","5000EUR","2021-07-08 11:10:14","5000EUR","1.183","5915BUSD","FILLED"
"2021-07-08 10:20:20","65374090","EURBUSD","Limit","SELL","1.1825","4228.32EUR","2021-07-08 10:53:04","4228.32EUR","1.1825","4999.9884BUSD","FILLED"
"2021-07-06 13:28:57","225317644","DOTBUSD","Limit","BUY","15.333","109DOT","2021-07-08 08:09:27","109DOT","15.333","1671.297BUSD","FILLED"
"2021-07-06 13:27:37","225315886","DOTBUSD","Limit","BUY","15.555","107DOT","2021-07-06 13:28:30","0DOT","0","0BUSD","CANCELED"
"2021-07-06 12:35:20","2430906985","ETHBUSD","Limit","BUY","2221.66","7ETH","2021-07-08 05:51:00","7ETH","2221.66","15551.62BUSD","FILLED"
"2021-07-06 06:27:27","65114141","EURBUSD","Limit","SELL","1.1887","15000EUR","2021-07-06 06:35:57","15000EUR","1.1887","17830.5BUSD","FILLED"
"2021-07-06 06:22:51","65113927","EURBUSD","Limit","SELL","1.1888","15000EUR","2021-07-06 06:27:20","0EUR","0","0BUSD","CANCELED"
"2021-07-05 22:18:43","78081071","RUNEBUSD","Limit","BUY","5.666","185RUNE","2021-07-08 20:30:55","0RUNE","0","0BUSD","CANCELED"
"2021-07-05 22:16:40","2426271755","ETHBUSD","Limit","BUY","2166.66","5ETH","2021-07-08 07:58:07","5ETH","2166.66","10833.3BUSD","FILLED"
"2021-07-05 21:50:34","65082773","EURBUSD","Limit","SELL","1.1966","15000EUR","2021-07-06 06:22:30","0EUR","0","0BUSD","CANCELED"
"2021-07-05 21:49:45","65082742","EURBUSD","Limit","SELL","1.1856","10000EUR","2021-07-05 22:05:52","10000EUR","1.1856","11856BUSD","FILLED"
"2021-07-05 21:46:51","224675241","DOTBUSD","Limit","BUY","14.888","596DOT","2021-07-08 10:24:48","0DOT","0","0BUSD","CANCELED"
"2021-07-05 21:30:00","65081659","EURBUSD","Limit","SELL","1.1856","5000EUR","2021-07-05 21:44:04","5000EUR","1.1856","5928BUSD","FILLED"
"2021-07-05 16:48:10","2424473545","ETHBUSD","Limit","BUY","2202.22","10ETH","2021-07-05 17:31:49","10ETH","2202.22","22022.2BUSD","FILLED"
"2021-07-05 16:19:20","542032","MLNBUSD","Limit","BUY","88.88","4MLN","2021-07-08 05:51:01","4MLN","88.88","355.52BUSD","FILLED"
"2021-07-05 16:06:00","300511900","LINKBUSD","Limit","BUY","18.011","200LINK","2021-07-05 17:33:50","200LINK","18.011","3602.2BUSD","FILLED"
"2021-07-05 15:55:38","65054908","EURBUSD","Limit","SELL","1.1989","25000EUR","2021-07-05 21:48:05","0EUR","0","0BUSD","CANCELED"
"2021-07-05 15:54:38","65054831","EURBUSD","Limit","SELL","1.1919","15000EUR","2021-07-08 10:07:17","0EUR","0","0BUSD","CANCELED"
"2021-07-05 14:48:52","65049333","EURBUSD","Limit","SELL","1.1853","15000EUR","2021-07-05 14:59:29","15000EUR","1.1853","17779.5BUSD","FILLED"
"2021-07-05 14:41:39","300466433","LINKBUSD","Limit","BUY","18.188","650LINK","2021-07-05 15:30:02","650LINK","18.188","11822.2BUSD","FILLED"
"2021-07-05 14:35:02","65048300","EURBUSD","Limit","SELL","1.1851","10000EUR","2021-07-05 14:40:47","10000EUR","1.1851","11851BUSD","FILLED"
"2021-07-05 14:18:24","2423748241","ETHBUSD","Limit","BUY","2202.22","0.13836ETH","2021-07-05 16:48:37","0ETH","0","0BUSD","CANCELED"
"2021-07-05 14:11:54","65046036","EURBUSD","Limit","SELL","1.1855","10000EUR","2021-07-05 14:47:33","0EUR","0","0BUSD","CANCELED"
"2021-07-05 14:05:23","300448934","LINKBUSD","Limit","BUY","18.111","50LINK","2021-07-05 15:57:38","50LINK","18.111","905.55BUSD","FILLED"
"2021-07-05 12:52:21","65039341","EURBUSD","Limit","SELL","1.1858","10000EUR","2021-07-05 16:43:53","10000EUR","1.1858","11858BUSD","FILLED"
"2021-07-05 12:26:36","65036695","EURBUSD","Limit","SELL","1.1866","10000EUR","2021-07-05 14:43:00","0EUR","0","0BUSD","CANCELED"
"2021-07-05 12:25:48","65036582","EURBUSD","Limit","SELL","1.1866","8427.43EUR","2021-07-05 12:26:19","0EUR","0","0BUSD","CANCELED"
"2021-07-04 21:13:49","64969352","EURBUSD","Limit","SELL","1.1898","10000EUR","2021-07-08 12:12:19","0EUR","0","0BUSD","CANCELED"
"2021-07-04 21:10:18","746744484","BNBBUSD","Limit","BUY","295.55","8BNB","2021-07-05 11:55:03","8BNB","295.55","2364.4BUSD","FILLED"
"2021-07-04 21:08:53","223731284","DOTBUSD","Limit","BUY","15.555","600DOT","2021-07-05 02:54:13","600DOT","15.555","9333BUSD","FILLED"
"2021-07-02 21:11:32","64680606","EURBUSD","Limit","SELL","1.1888","10000EUR","2021-07-04 06:00:28","10000EUR","1.1888","11888BUSD","FILLED"
"2021-07-01 22:04:50","64523759","EURBUSD","Limit","SELL","1.1988","10000EUR","2021-07-02 21:10:19","0EUR","0","0BUSD","CANCELED"
"2021-07-01 22:04:05","64523713","EURBUSD","Limit","SELL","1.1966","10000EUR","2021-07-04 21:12:47","0EUR","0","0BUSD","CANCELED"
"2021-07-01 22:03:39","64523694","EURBUSD","Limit","SELL","1.1944","10000EUR","2021-07-05 12:20:01","0EUR","0","0BUSD","CANCELED"
"2021-07-01 22:02:39","64523637","EURBUSD","Limit","SELL","1.1911","10000EUR","2021-07-05 14:07:06","0EUR","0","0BUSD","CANCELED"
"2021-06-29 23:27:16","218916955","DOTBUSD","Limit","BUY","16.111","57.931DOT","2021-06-30 00:06:12","57.931DOT","16.111","933.326341BUSD","FILLED"
"2021-06-29 23:21:51","738741885","BNBBUSD","Limit","BUY","302.28","1.8724BNB","2021-06-29 23:22:30","1.8724BNB","302.28","565.989072BUSD","FILLED"
"2021-06-29 23:20:37","218912607","DOTBUSD","Limit","BUY","16.16","68.741DOT","2021-06-29 23:23:31","68.741DOT","16.16","1110.85456BUSD","FILLED"
"2021-06-29 23:08:05","294913050","LINKBUSD","Limit","BUY","19.591","77.022LINK","2021-06-29 23:11:52","77.022LINK","19.591","1508.938002BUSD","FILLED"
"2021-06-29 23:04:38","218899406","DOTBUSD","Limit","BUY","16.066","58.092DOT","2021-06-29 23:26:42","0DOT","0","0BUSD","CANCELED"
"2021-06-29 12:58:56","218498406","DOTBUSD","Limit","BUY","16.222","93.391DOT","2021-06-29 20:56:54","93.391DOT","16.222","1514.988802BUSD","FILLED"
"2021-06-29 06:20:21","218211190","DOTBUSD","Limit","BUY","16.011","69.381DOT","2021-06-29 23:20:11","0DOT","0","0BUSD","CANCELED"
"2021-06-28 22:34:32","217886217","DOTBUSD","Limit","BUY","15.15","100DOT","2021-06-29 12:56:31","0DOT","0","0BUSD","CANCELED"
"2021-06-28 22:33:21","293828357","LINKBUSD","Limit","BUY","18.18","83LINK","2021-06-29 23:07:37","0LINK","0","0BUSD","CANCELED"
"2021-06-28 22:29:57","736412150","BNBBUSD","Limit","BUY","283","2BNB","2021-06-29 23:21:03","0BNB","0","0BUSD","CANCELED"
"2021-06-28 22:11:15","217870719","DOTBUSD","Limit","BUY","15.59","76.812DOT","2021-06-28 22:11:15","76.812DOT","15.59","1197.49908BUSD","FILLED"
"2021-06-28 21:41:52","2724938","KEEPBUSD","Limit","BUY","0.2811","545KEEP","2021-06-28 23:09:54","545KEEP","0.2811","153.1995BUSD","FILLED"
"2021-06-28 21:36:05","217849017","DOTBUSD","Limit","BUY","15.555","60DOT","2021-06-29 23:03:39","0DOT","0","0BUSD","CANCELED"
"2021-06-28 21:28:25","217845284","DOTBUSD","Limit","BUY","14.777","75DOT","2021-06-29 06:18:09","0DOT","0","0BUSD","CANCELED"
"2021-06-28 12:54:03","74512577","KSMBUSD","Limit","BUY","177.77","0.6582KSM","2021-06-28 21:49:05","0KSM","0","0BUSD","CANCELED"
"2021-06-28 12:52:39","217512278","DOTBUSD","Limit","BUY","14.666","70DOT","2021-06-28 21:18:10","0DOT","0","0BUSD","CANCELED"
"2021-06-27 21:01:37","74166183","KSMBUSD","Limit","BUY","161.16","7.097KSM","2021-06-28 12:51:59","0KSM","0","0BUSD","CANCELED"
"2021-06-27 20:59:55","74165728","KSMBUSD","Limit","BUY","162.88","7.022KSM","2021-06-27 21:00:08","7.022KSM","162.88","1143.74336BUSD","FILLED"
"2021-06-27 20:41:49","16249377","ATABUSD","Limit","BUY","0.43333","400ATA","2021-06-27 20:56:20","0ATA","0","0BUSD","CANCELED"
"2021-06-27 16:46:31","73587817","LUNABUSD","Limit","BUY","4.888","222LUNA","2021-06-27 20:51:00","0LUNA","0","0BUSD","CANCELED"
"2021-06-27 16:33:59","733574333","BNBBUSD","Limit","BUY","274.2","4BNB","2021-06-27 16:34:02","4BNB","274.2","1096.8BUSD","FILLED"
"2021-06-27 16:31:59","1713528","KLAYBUSD","Limit","BUY","0.9395","60KLAY","2021-06-27 16:45:35","60KLAY","0.9395","56.37BUSD","FILLED"
"2021-06-26 07:19:18","15907712","ATABUSD","Limit","BUY","0.41111","400ATA","2021-06-27 20:40:46","0ATA","0","0BUSD","CANCELED"
"2021-06-26 06:52:56","73439230","KSMBUSD","Limit","BUY","171.11","40KSM","2021-06-26 06:57:44","40KSM","171.11","6844.4BUSD","FILLED"
"2021-06-25 22:20:21","2429904","KEEPBUSD","Limit","BUY","0.2468","400KEEP","2021-06-25 22:46:44","400KEEP","0.2468","98.72BUSD","FILLED"
"2021-06-25 22:11:27","2429760","KEEPBUSD","Limit","BUY","0.2121","1000KEEP","2021-06-27 20:53:54","0KEEP","0","0BUSD","CANCELED"
"2021-06-25 21:57:31","72791456","LUNABUSD","Limit","BUY","4.555","300LUNA","2021-06-27 16:45:24","0LUNA","0","0BUSD","CANCELED"
"2021-06-25 21:36:35","728570861","BNBBUSD","Limit","BUY","233.33","5BNB","2021-06-27 16:29:46","0BNB","0","0BUSD","CANCELED"
"2021-06-25 07:46:11","726699530","BNBBUSD","Limit","BUY","288.88","4.2343BNB","2021-06-25 09:48:50","4.2343BNB","288.88","1223.204584BUSD","FILLED"
"2021-06-25 07:45:34","72857627","KSMBUSD","Limit","BUY","188.99","4KSM","2021-06-25 11:18:35","4KSM","188.99","755.96BUSD","FILLED"
"2021-06-25 07:41:16","289906189","LINKBUSD","Limit","BUY","18.018","111LINK","2021-06-25 10:00:06","111LINK","18.018","1999.998BUSD","FILLED"
"2021-06-25 07:35:55","62977263","EURBUSD","Limit","SELL","1.1933","2750EUR","2021-06-25 07:36:43","2750EUR","1.1933","3281.575BUSD","FILLED"
"2021-06-24 16:44:11","62868616","EURBUSD","Limit","SELL","1.1944","8250EUR","2021-06-25 12:33:43","8250EUR","1.1944","9853.8BUSD","FILLED"
"2021-06-24 07:04:29","212659647","DOTBUSD","Limit","BUY","14.444","26.237DOT","2021-06-25 23:58:46","26.237DOT","14.444","378.967228BUSD","FILLED"
"2021-06-24 07:02:46","212658380","DOTBUSD","Limit","BUY","14.444","18.005DOT","2021-06-24 07:04:13","0DOT","0","0BUSD","CANCELED"
"2021-06-24 06:55:26","288793020","LINKBUSD","Limit","BUY","17.44","40LINK","2021-06-25 07:40:22","0LINK","0","0BUSD","CANCELED"
"2021-06-24 06:51:29","449549312","ADABUSD","Limit","BUY","1.1777","450ADA","2021-06-27 16:44:07","0ADA","0","0BUSD","CANCELED"
"2021-06-24 06:49:51","72288571","KSMBUSD","Limit","BUY","188.88","4KSM","2021-06-25 11:18:35","4KSM","188.88","755.52BUSD","FILLED"
"2021-06-24 06:20:00","71907296","LUNABUSD","Limit","BUY","5.01","48.254LUNA","2021-06-25 16:53:16","48.254LUNA","5.01","241.75254BUSD","FILLED"
"2021-06-24 06:15:26","15430421","ATABUSD","Limit","BUY","0.51234","300ATA","2021-06-25 07:16:44","300ATA","0.51234","153.702BUSD","FILLED"
"2021-06-24 06:12:05","2322256","KEEPBUSD","Limit","BUY","0.2555","1000KEEP","2021-06-25 13:15:17","1000KEEP","0.2555","255.5BUSD","FILLED"
"2021-06-24 06:01:54","62752190","EURBUSD","Limit","SELL","1.1919","1000EUR","2021-06-24 06:25:25","1000EUR","1.1919","1191.9BUSD","FILLED"
"2021-06-24 05:57:40","71889107","RUNEBUSD","Limit","BUY","5.151","105RUNE","2021-06-26 07:38:29","105RUNE","5.151","540.855BUSD","FILLED"
"2021-06-24 05:51:16","62750746","EURBUSD","Limit","SELL","1.1918","1000EUR","2021-06-24 05:51:16","1000EUR","1.1918","1191.8BUSD","FILLED"
"2021-06-23 16:27:28","62667429","EURBUSD","Limit","SELL","1.1935","1000EUR","2021-06-24 06:01:38","0EUR","0","0BUSD","CANCELED"
"2021-06-23 14:53:40","62649636","EURBUSD","Limit","SELL","1.1955","2000EUR","2021-06-23 16:26:24","0EUR","0","0BUSD","CANCELED"
"2021-06-22 22:28:33","210557981","DOTBUSD","Limit","BUY","13.331","8.92DOT","2021-06-24 07:03:19","0DOT","0","0BUSD","CANCELED"
"2021-06-22 22:25:08","287068965","LINKBUSD","Limit","BUY","15.01","7LINK","2021-06-24 06:53:56","0LINK","0","0BUSD","CANCELED"
"2021-06-22 22:19:22","446890498","ADABUSD","Limit","BUY","1.0111","300ADA","2021-06-24 06:50:15","0ADA","0","0BUSD","CANCELED"
"2021-06-22 22:16:33","70836388","RUNEBUSD","Limit","BUY","4.555","66RUNE","2021-06-24 06:53:17","0RUNE","0","0BUSD","CANCELED"
"2021-06-22 22:14:15","71320435","KSMBUSD","Limit","BUY","171.11","2KSM","2021-06-24 06:48:28","0KSM","0","0BUSD","CANCELED"
"2021-06-21 22:28:57","444370151","ADABUSD","Limit","BUY","1.1777","255.94ADA","2021-06-21 22:57:36","255.94ADA","1.1777","301.420538BUSD","FILLED"
"2021-06-21 22:21:26","70083478","LUNABUSD","Limit","BUY","4.777","101LUNA","2021-06-21 22:59:57","101LUNA","4.777","482.477BUSD","FILLED"
"2021-06-21 22:18:01","208460523","DOTBUSD","Limit","BUY","15.678","150DOT","2021-06-21 22:49:57","150DOT","15.678","2351.7BUSD","FILLED"
"2021-06-21 22:10:58","69944357","RUNEBUSD","Limit","BUY","6.14","103.584RUNE","2021-06-21 22:41:00","103.584RUNE","6.14","636.00576BUSD","FILLED"
"2021-06-21 22:09:28","70492632","KSMBUSD","Limit","BUY","212","7KSM","2021-06-21 22:53:00","7KSM","212","1484BUSD","FILLED"
"2021-06-21 22:03:54","444343948","ADABUSD","Limit","BUY","1.2011","2846.41ADA","2021-06-21 22:42:41","2846.41ADA","1.2011","3418.823051BUSD","FILLED"
"2021-06-21 21:56:35","157837540","SOLBUSD","Limit","BUY","22.222","30SOL","2021-06-22 11:58:37","30SOL","22.222","666.66BUSD","FILLED"
"2021-06-21 21:53:29","208435770","DOTBUSD","Limit","BUY","15.678","200DOT","2021-06-21 22:17:29","0DOT","0","0BUSD","CANCELED"
"2021-06-21 21:33:55","62164923","EURBUSD","Limit","SELL","1.1908","5852.29EUR","2021-06-21 21:44:58","5852.29EUR","1.1908","6968.906932BUSD","FILLED"
"2021-06-21 21:21:11","62163557","EURBUSD","Limit","SELL","1.1909","5852.29EUR","2021-06-21 21:32:30","0EUR","0","0BUSD","CANCELED"
"2021-06-21 21:04:21","208386724","DOTBUSD","Limit","BUY","16.888","200DOT","2021-06-21 21:06:46","200DOT","16.888","3377.6BUSD","FILLED"
"2021-06-21 21:00:34","70464452","KSMBUSD","Limit","BUY","212","10KSM","2021-06-21 22:09:01","0KSM","0","0BUSD","CANCELED"
"2021-06-21 20:53:21","157782167","SOLBUSD","Limit","BUY","27.777","60SOL","2021-06-21 21:06:48","60SOL","27.777","1666.62BUSD","FILLED"
"2021-06-21 20:49:31","714540543","BNBBUSD","Limit","BUY","295","3BNB","2021-06-21 21:06:45","3BNB","295","885BUSD","FILLED"
"2021-06-21 20:46:02","157777048","SOLBUSD","Limit","BUY","28.33","60SOL","2021-06-21 20:51:32","60SOL","28.33","1699.8BUSD","FILLED"
"2021-06-21 20:37:01","62159573","EURBUSD","Limit","SELL","1.1908","8397.71EUR","2021-06-21 20:41:31","8397.71EUR","1.1908","9999.993068BUSD","FILLED"
"2021-06-21 20:29:40","444263157","ADABUSD","Limit","BUY","1.2222","3919ADA","2021-06-21 21:43:23","3919ADA","1.2222","4789.8018BUSD","FILLED"
"2021-06-21 20:28:48","444262437","ADABUSD","Limit","BUY","1.2444","4000ADA","2021-06-21 21:16:29","4000ADA","1.2444","4977.6BUSD","FILLED"
"2021-06-21 18:51:45","208267519","DOTBUSD","Limit","BUY","16.555","143DOT","2021-06-21 21:17:28","143DOT","16.555","2367.365BUSD","FILLED"
"2021-06-21 18:50:41","70414722","KSMBUSD","Limit","BUY","233.33","8KSM","2021-06-21 21:13:43","8KSM","233.33","1866.64BUSD","FILLED"
"2021-06-21 18:47:14","285371589","LINKBUSD","Limit","BUY","17.777","80LINK","2021-06-21 21:48:03","80LINK","17.777","1422.16BUSD","FILLED"
"2021-06-21 16:47:56","62133631","EURBUSD","Limit","SELL","1.1909","4750EUR","2021-06-21 17:38:43","4750EUR","1.1909","5656.775BUSD","FILLED"
"2021-06-21 10:16:09","207490960","DOTBUSD","Limit","BUY","17.5","4.599DOT","2021-06-21 10:19:09","4.599DOT","17.5","80.4825BUSD","FILLED"
"2021-06-21 10:14:46","70100088","KSMBUSD","Limit","BUY","252.52","6KSM","2021-06-21 10:19:10","6KSM","252.52","1515.12BUSD","FILLED"
"2021-06-21 10:13:47","712927420","BNBBUSD","Limit","BUY","303","5BNB","2021-06-21 10:35:16","5BNB","303","1515BUSD","FILLED"
"2021-06-21 06:45:44","712243258","BNBBUSD","Limit","BUY","303.03","10BNB","2021-06-21 10:13:05","0BNB","0","0BUSD","CANCELED"
"2021-06-20 22:26:05","13556656","ATABUSD","Limit","BUY","0.666","17ATA","2021-06-21 02:44:45","17ATA","0.666","11.322BUSD","FILLED"
"2021-06-20 22:17:36","206655197","DOTBUSD","Limit","BUY","18.88","180.084DOT","2021-06-21 06:28:54","180.084DOT","18.88","3399.98592BUSD","FILLED"
"2021-06-20 22:13:55","711273571","BNBBUSD","Limit","BUY","311","10BNB","2021-06-21 06:43:52","0BNB","0","0BUSD","CANCELED"
"2021-06-20 22:07:51","61882455","EURBUSD","Limit","SELL","1.1858","5500EUR","2021-06-20 22:10:48","5500EUR","1.1858","6521.9BUSD","FILLED"
"2021-06-20 22:05:31","283997707","LINKBUSD","Limit","BUY","19.77","171.322LINK","2021-06-21 04:38:58","171.322LINK","19.77","3387.03594BUSD","FILLED"
"2021-06-20 22:02:46","69756581","KSMBUSD","Limit","BUY","282","12KSM","2021-06-21 02:43:22","12KSM","282","3384BUSD","FILLED"
"2021-06-20 20:58:50","155974674","SOLBUSD","Limit","BUY","31.33","50SOL","2021-06-21 04:40:45","50SOL","31.33","1566.5BUSD","FILLED"
"2021-06-20 20:45:40","61874629","EURBUSD","Limit","SELL","1.1841","5500EUR","2021-06-20 20:53:50","5500EUR","1.1841","6512.55BUSD","FILLED"
"2021-06-20 20:44:17","61874489","EURBUSD","Limit","SELL","1.1842","5500EUR","2021-06-20 20:45:44","0EUR","0","0BUSD","CANCELED"
"2021-06-20 05:49:23","61719412","EURBUSD","Limit","SELL","1.1844","1111EUR","2021-06-20 15:23:43","0EUR","0","0BUSD","CANCELED"
"2021-06-19 22:44:10","283047416","LINKBUSD","Limit","BUY","20.5","56.963LINK","2021-06-19 22:45:06","56.963LINK","20.5","1167.7415BUSD","FILLED"
"2021-06-19 16:35:21","61638464","EURBUSD","Limit","SELL","1.1845","1000EUR","2021-06-20 15:24:42","0EUR","0","0BUSD","CANCELED"
"2021-06-19 16:29:46","69000436","LUNABUSD","Limit","BUY","5.789","153LUNA","2021-06-19 18:02:38","153LUNA","5.789","885.717BUSD","FILLED"
"2021-06-19 15:53:25","1542104","KEEPBUSD","Limit","BUY","0.4572","42KEEP","2021-06-19 15:53:25","42KEEP","0.4572","19.2024BUSD","FILLED"
"2021-06-19 15:48:20","205363109","DOTBUSD","Limit","BUY","20.44","57DOT","2021-06-19 22:42:05","0DOT","0","0BUSD","CANCELED"
"2021-06-19 15:33:48","61629512","EURBUSD","Limit","SELL","1.1844","1000EUR","2021-06-19 15:41:40","1000EUR","1.1844","1184.4BUSD","FILLED"
"2021-06-19 15:27:23","1536137","KEEPBUSD","Limit","BUY","0.44","410KEEP","2021-06-20 09:10:37","410KEEP","0.44","180.4BUSD","FILLED"
"2021-06-19 15:04:12","68209100","RUNEBUSD","Limit","BUY","6.86","97RUNE","2021-06-21 06:44:53","97RUNE","6.86","665.42BUSD","FILLED"
"2021-06-19 14:59:18","69016552","KSMBUSD","Limit","BUY","272","4.2KSM","2021-06-20 12:23:40","4.2KSM","272","1142.4BUSD","FILLED"
"2021-06-18 23:31:30","67850373","RUNEBUSD","Limit","BUY","7.66","39.18RUNE","2021-06-19 13:37:08","39.18RUNE","7.66","300.1188BUSD","FILLED"
"2021-06-18 23:29:43","2727807448","BTCBUSD","Limit","BUY","33344","0.1BTC","2021-06-20 12:22:57","0.1BTC","33344","3334.4BUSD","FILLED"
"2021-06-18 23:23:24","61483665","EURBUSD","Limit","SELL","1.1831","3000EUR","2021-06-18 23:26:38","3000EUR","1.1831","3549.3BUSD","FILLED"
"2021-06-18 22:21:28","153462577","SOLBUSD","Limit","BUY","30","38SOL","2021-06-20 20:55:44","0SOL","0","0BUSD","CANCELED"
"2021-06-18 22:19:07","68637303","KSMBUSD","Limit","BUY","287","4KSM","2021-06-19 14:55:35","0KSM","0","0BUSD","CANCELED"
"2021-06-18 22:02:34","61476409","EURBUSD","Limit","SELL","1.185","5500EUR","2021-06-19 15:36:26","0EUR","0","0BUSD","CANCELED"
"2021-06-18 21:48:57","61474844","EURBUSD","Limit","SELL","1.1866","5500EUR","2021-06-20 15:24:38","0EUR","0","0BUSD","CANCELED"
"2021-06-18 17:10:30","2725864503","BTCBUSD","Limit","BUY","35353","0.033576BTC","2021-06-18 18:40:34","0.033576BTC","35353","1187.012328BUSD","FILLED"
"2021-06-18 17:04:45","61421359","EURBUSD","Limit","SELL","1.1866","2000EUR","2021-06-18 17:57:47","2000EUR","1.1866","2373.2BUSD","FILLED"
"2021-06-18 16:59:38","61420130","EURBUSD","Limit","SELL","1.1862","1000EUR","2021-06-18 17:02:05","1000EUR","1.1862","1186.2BUSD","FILLED"
"2021-06-18 16:58:09","61419926","EURBUSD","Limit","SELL","1.1869","4000EUR","2021-06-18 23:19:06","0EUR","0","0BUSD","CANCELED"
"2021-06-18 16:43:15","61417492","EURBUSD","Limit","SELL","1.1898","3000EUR","2021-06-18 17:33:11","0EUR","0","0BUSD","CANCELED"
"2021-06-18 11:09:00","61335801","EURBUSD","Limit","SELL","1.298","15000EUR","2021-06-18 16:56:13","0EUR","0","0BUSD","CANCELED"
"2021-06-18 00:20:37","61249749","EURBUSD","Limit","SELL","1.1999","5000EUR","2021-06-18 11:07:14","0EUR","0","0BUSD","CANCELED"
"2021-06-18 00:07:09","1042447","KEEPBUSD","Limit","BUY","0.384","470KEEP","2021-06-19 15:26:41","0KEEP","0","0BUSD","CANCELED"
"2021-06-17 23:42:17","61246926","EURBUSD","Limit","SELL","1.1899","5000EUR","2021-06-18 00:15:37","0EUR","0","0BUSD","CANCELED"
"2021-06-17 23:15:45","61245490","EURBUSD","Limit","SELL","1.191","5000EUR","2021-06-18 00:18:17","0EUR","0","0BUSD","CANCELED"
"2021-06-17 23:08:56","203611997","DOTBUSD","Limit","BUY","19.5","50DOT","2021-06-20 10:23:04","50DOT","19.5","975BUSD","FILLED"
"2021-06-17 22:02:25","152203365","SOLBUSD","Limit","BUY","27.4","25SOL","2021-06-20 20:55:38","0SOL","0","0BUSD","CANCELED"
"2021-06-17 21:59:52","152202544","SOLBUSD","Limit","BUY","27.4","33SOL","2021-06-17 22:01:59","0SOL","0","0BUSD","CANCELED"
"2021-06-17 21:54:58","68203605","LUNABUSD","Limit","BUY","4.44","200LUNA","2021-06-19 16:26:08","0LUNA","0","0BUSD","CANCELED"
"2021-06-17 21:51:39","67038896","RUNEBUSD","Limit","BUY","6.6","100RUNE","2021-06-19 15:03:38","0RUNE","0","0BUSD","CANCELED"
"2021-06-17 21:50:52","67038799","RUNEBUSD","Limit","BUY","7.7","130RUNE","2021-06-18 15:26:17","130RUNE","7.7","1001BUSD","FILLED"
"2021-06-17 21:37:33","68202307","LUNABUSD","Limit","BUY","5.55","200LUNA","2021-06-20 10:18:31","200LUNA","5.55","1110BUSD","FILLED"
"2021-06-17 21:33:51","704371631","BNBBUSD","Limit","BUY","312","3BNB","2021-06-20 12:08:33","3BNB","312","936BUSD","FILLED"
"2021-06-17 21:26:28","61237140","EURBUSD","Limit","SELL","1.1988","15000EUR","2021-06-17 23:14:09","0EUR","0","0BUSD","CANCELED"
"2021-06-17 16:08:14","68128907","LUNABUSD","Limit","BUY","6.333","101LUNA","2021-06-17 16:08:14","101LUNA","6.313","637.613BUSD","FILLED"
"2021-06-17 16:06:48","438187834","ADABUSD","Limit","BUY","1.221","8000ADA","2021-06-21 20:28:19","0ADA","0","0BUSD","CANCELED"
"2021-06-17 15:05:03","61170967","EURBUSD","Limit","SELL","1.2096","15000EUR","2021-06-17 21:21:07","0EUR","0","0BUSD","CANCELED"
"2021-06-17 14:47:28","61167618","EURBUSD","Limit","SELL","1.21","15000EUR","2021-06-17 15:01:48","0EUR","0","0BUSD","CANCELED"
"2021-06-17 09:13:48","703305845","BNBBUSD","Limit","BUY","333","3BNB","2021-06-17 21:29:53","0BNB","0","0BUSD","CANCELED"
"2021-06-16 22:29:02","2714106635","BTCBUSD","Limit","BUY","36666","0.3BTC","2021-06-18 14:10:32","0.3BTC","36666","10999.8BUSD","FILLED"
"2021-06-16 22:24:33","67909595","LUNABUSD","Limit","BUY","6.2","162LUNA","2021-06-16 22:35:27","0LUNA","0","0BUSD","CANCELED"
"2021-06-16 22:18:01","151003572","SOLBUSD","Limit","BUY","30.11","50SOL","2021-06-17 21:58:22","0SOL","0","0BUSD","CANCELED"
"2021-06-16 13:19:41","202090211","DOTBUSD","Limit","BUY","20.6","59DOT","2021-06-18 18:28:44","59DOT","20.6","1215.4BUSD","FILLED"
"2021-06-16 13:17:01","67360604","KSMBUSD","Limit","BUY","303","3KSM","2021-06-18 18:11:55","3KSM","303","909BUSD","FILLED"
"2021-06-16 12:49:55","279805233","LINKBUSD","Limit","BUY","22.55","78LINK","2021-06-16 21:46:33","0LINK","0","0BUSD","CANCELED"
"2021-06-16 12:48:56","279804183","LINKBUSD","Limit","BUY","21.12","200LINK","2021-06-18 17:59:49","200LINK","21.12","4224BUSD","FILLED"
"2021-06-16 12:48:04","2279420049","ETHBUSD","Limit","BUY","2401","2ETH","2021-06-16 16:52:14","2ETH","2401","4802BUSD","FILLED"
"2021-06-16 12:45:22","2279405955","ETHBUSD","Limit","BUY","2344","3ETH","2021-06-16 21:47:40","0ETH","0","0BUSD","CANCELED"
"2021-06-16 12:43:41","2279397368","ETHBUSD","Limit","BUY","2244","5ETH","2021-06-18 14:15:12","5ETH","2244","11220BUSD","FILLED"
"2021-06-16 12:38:03","66097427","RUNEBUSD","Limit","BUY","7.7","250RUNE","2021-06-17 21:50:11","0RUNE","0","0BUSD","CANCELED"
"2021-06-16 12:32:28","436996039","ADABUSD","Limit","BUY","1.41","2000ADA","2021-06-16 22:12:33","0ADA","0","0BUSD","CANCELED"
"2021-06-16 12:30:41","436993559","ADABUSD","Limit","BUY","1.33","4000ADA","2021-06-20 11:33:29","4000ADA","1.33","5320BUSD","FILLED"
"2021-06-16 12:29:36","436991892","ADABUSD","Limit","BUY","1.21","8500ADA","2021-06-17 16:05:52","0ADA","0","0BUSD","CANCELED"
"2021-06-16 12:25:37","150360963","SOLBUSD","Limit","BUY","25.11","80SOL","2021-06-16 22:17:17","0SOL","0","0BUSD","CANCELED"
"2021-06-16 12:21:26","2279275100","ETHBUSD","Limit","BUY","2244","10ETH","2021-06-16 12:42:58","0ETH","0","0BUSD","CANCELED"
"2021-06-16 12:16:46","67332739","KSMBUSD","Limit","BUY","303.01","7KSM","2021-06-16 13:14:44","0KSM","0","0BUSD","CANCELED"
"2021-06-16 12:14:55","67704287","LUNABUSD","Limit","BUY","5.55","361LUNA","2021-06-17 21:36:39","0LUNA","0","0BUSD","CANCELED"
"2021-06-16 11:48:20","279749543","LINKBUSD","Limit","BUY","21.12","284.243LINK","2021-06-16 12:47:46","0LINK","0","0BUSD","CANCELED"
"2021-06-15 21:16:31","149567854","SOLBUSD","Limit","BUY","33.11","56.983SOL","2021-06-16 12:23:08","0SOL","0","0BUSD","CANCELED"
"2021-06-15 21:13:33","201348531","DOTBUSD","Limit","BUY","23.23","150DOT","2021-06-16 11:15:39","150DOT","23.23","3484.5BUSD","FILLED"
"2021-06-15 21:10:04","436364998","ADABUSD","Limit","BUY","1.5","8004.28ADA","2021-06-16 11:47:28","0ADA","0","0BUSD","CANCELED"
"2021-06-15 20:58:45","436358567","ADABUSD","Limit","BUY","1.4444","8312.41ADA","2021-06-16 12:18:38","0ADA","0","0BUSD","CANCELED"
"2021-06-15 20:47:21","66940969","KSMBUSD","Limit","BUY","389.11","6KSM","2021-06-15 20:50:26","6KSM","389.11","2334.66BUSD","FILLED"
"2021-06-15 20:14:27","2706837371","BTCBUSD","Limit","BUY","39666","0.17BTC","2021-06-16 01:05:51","0.17BTC","39666","6743.22BUSD","FILLED"
"2021-06-15 20:09:07","149518997","SOLBUSD","Limit","BUY","31.11","60SOL","2021-06-15 21:15:53","0SOL","0","0BUSD","CANCELED"
"2021-06-15 20:01:57","66920084","KSMBUSD","Limit","BUY","389.11","8KSM","2021-06-15 20:02:26","8KSM","389.11","3112.88BUSD","FILLED"
"2021-06-15 19:52:47","60813269","EURBUSD","Limit","SELL","1.2112","12000EUR","2021-06-15 20:00:01","12000EUR","1.2112","14534.4BUSD","FILLED"
"2021-06-15 19:42:29","201288309","DOTBUSD","Limit","BUY","22.66","154.661DOT","2021-06-15 21:12:30","0DOT","0","0BUSD","CANCELED"
"2021-06-15 19:29:46","279053107","LINKBUSD","Limit","BUY","24.44","401LINK","2021-06-15 20:50:54","401LINK","24.44","9800.44BUSD","FILLED"
"2021-06-15 18:49:53","436254716","ADABUSD","Limit","BUY","1.555","10500ADA","2021-06-15 19:53:50","10500ADA","1.555","16327.5BUSD","FILLED"
"2021-06-15 18:41:30","60799635","EURBUSD","Limit","SELL","1.212","12000EUR","2021-06-15 19:50:04","0EUR","0","0BUSD","CANCELED"
"2021-06-15 14:43:07","2274057601","ETHBUSD","Limit","BUY","2440","12.14448ETH","2021-06-16 12:18:35","0ETH","0","0BUSD","CANCELED"
"2021-06-15 13:39:42","60751703","EURBUSD","Limit","SELL","1.2118","20024EUR","2021-06-15 14:01:53","20024EUR","1.2118","24265.0832BUSD","FILLED"
"2021-06-15 11:14:31","2273143277","ETHBUSD","Limit","BUY","2580","18.31896ETH","2021-06-15 11:27:11","18.31896ETH","2580","47262.9168BUSD","FILLED"
"2021-06-15 10:15:57","60722499","EURBUSD","Limit","SELL","1.212","20024EUR","2021-06-15 13:38:48","0EUR","0","0BUSD","CANCELED"
"2021-06-14 23:16:28","2270078452","ETHBUSD","Limit","BUY","2560","3.90625ETH","2021-06-15 14:18:09","3.90625ETH","2560","10000BUSD","FILLED"
"2021-06-14 23:08:39","2270050536","ETHBUSD","Limit","BUY","2550.06","3.92147ETH","2021-06-14 23:14:47","0ETH","0","0BUSD","CANCELED"
"2021-06-14 21:14:00","148209597","SOLBUSD","Limit","BUY","39.014","57.603SOL","2021-06-14 21:15:08","57.603SOL","39.014","2247.323442BUSD","FILLED"
"2021-06-14 16:56:16","2268674480","ETHBUSD","Limit","BUY","2501","13.9944ETH","2021-06-15 14:23:37","0ETH","0","0BUSD","CANCELED"
"2021-06-14 16:26:44","60608938","EURBUSD","Limit","SELL","1.213","40000.8EUR","2021-06-15 07:26:46","40000.8EUR","1.213","48520.9704BUSD","FILLED"
"2021-06-14 08:41:27","2266338988","ETHBUSD","Limit","BUY","2411","3.73289ETH","2021-06-14 22:26:21","0ETH","0","0BUSD","CANCELED"
"2021-06-13 23:26:07","60446906","EURBUSD","Limit","SELL","1.219","12000EUR","2021-06-15 18:40:06","0EUR","0","0BUSD","CANCELED"
"2021-06-13 23:20:58","146791559","SOLBUSD","Limit","BUY","22.33","224.3SOL","2021-06-13 23:21:50","0SOL","0","0BUSD","CANCELED"
"2021-06-13 23:11:13","146785858","SOLBUSD","Limit","BUY","22.33","223.914SOL","2021-06-15 20:43:55","0SOL","0","0BUSD","CANCELED"
"2021-06-13 22:57:17","2263685756","ETHBUSD","Limit","BUY","2211","2.26142ETH","2021-06-14 22:26:36","0ETH","0","0BUSD","CANCELED"
"2021-06-13 22:01:46","198308256","DOTBUSD","Limit","BUY","17.7","677.966DOT","2021-06-15 20:42:29","0DOT","0","0BUSD","CANCELED"
"2021-06-13 21:45:03","198293975","DOTBUSD","Limit","BUY","20","300DOT","2021-06-13 22:11:21","0DOT","0","0BUSD","CANCELED"
"2021-06-13 21:38:19","60435005","EURBUSD","Limit","SELL","1.22","20000EUR","2021-06-14 22:23:36","0EUR","0","0BUSD","CANCELED"
"2021-06-13 21:36:42","60434855","EURBUSD","Limit","SELL","1.211","9000EUR","2021-06-13 22:15:32","9000EUR","1.211","10899BUSD","FILLED"
"2021-06-13 21:23:49","60433440","EURBUSD","Limit","SELL","1.2102","11000EUR","2021-06-13 21:30:50","11000EUR","1.2102","13312.2BUSD","FILLED"
"2021-06-13 20:51:35","60429867","EURBUSD","Limit","SELL","1.212","10000EUR","2021-06-13 22:22:44","0EUR","0","0BUSD","CANCELED"
"2021-06-12 15:05:41","60252747","EURBUSD","Limit","SELL","1.215","41619.84EUR","2021-06-13 21:22:50","0EUR","0","0BUSD","CANCELED"
"2021-06-12 14:56:04","60247242","EURBUSD","Limit","SELL","1.21","41619.84EUR","2021-06-12 15:05:05","0EUR","0","0BUSD","CANCELED"
"2021-06-12 12:11:01","60145030","EURBUSD","Limit","SELL","1.22","10404.96EUR","2021-06-13 20:50:12","0EUR","0","0BUSD","CANCELED"
"2021-06-11 17:55:27","59918143","EURBUSD","Limit","BUY","1.23","2024.8EUR","2021-06-11 17:55:27","2024.8EUR","1.2086","2447.17328BUSD","FILLED"
"2021-06-11 09:17:08","194999139","DOTBUSD","Limit","BUY","18","380.671DOT","2021-06-13 21:44:26","0DOT","0","0BUSD","CANCELED"
"2021-06-11 09:12:35","429837339","ADABUSD","Limit","BUY","1.25","5228.67ADA","2021-06-15 20:56:30","0ADA","0","0BUSD","CANCELED"
"2021-06-11 09:01:57","274026495","LINKBUSD","Limit","BUY","19","1678.035LINK","2021-06-14 22:28:47","0LINK","0","0BUSD","CANCELED"
"2021-06-11 07:21:33","63591224","KSMBUSD","Limit","BUY","463","2.1391KSM","2021-06-11 08:39:15","2.1391KSM","463","990.4033BUSD","FILLED"
"2021-06-11 06:58:29","59744727","EURBUSD","Limit","SELL","1.2186","40000EUR","2021-06-11 06:58:29","40000EUR","1.2186","48744BUSD","FILLED"
"2021-06-07 08:08:26","188621665","DOTBUSD","Limit","BUY","24.64","393.636DOT","2021-06-07 08:09:05","393.636DOT","24.64","9699.19104BUSD","FILLED"
"2021-06-07 08:06:42","269902695","LINKBUSD","Limit","BUY","27.82","429.184LINK","2021-06-07 08:06:42","429.184LINK","27.82","11939.89888BUSD","FILLED"
"2021-06-07 08:00:55","421902942","ADABUSD","Limit","BUY","1.711","10520.16ADA","2021-06-07 08:02:55","10520.16ADA","1.711","17999.99376BUSD","FILLED"
"2021-06-07 07:59:29","2214339640","ETHBUSD","Limit","BUY","2766.19","10ETH","2021-06-07 07:59:32","10ETH","2766.19","27661.9BUSD","FILLED"
"2021-06-07 07:57:19","2642516620","BTCBUSD","Limit","BUY","36130","0.678381BTC","2021-06-07 08:03:48","0.678381BTC","36130","24509.90553BUSD","FILLED"
"2021-06-07 07:53:45","674697081","BNBBUSD","Limit","BUY","395","44BNB","2021-06-07 07:53:47","44BNB","395","17380BUSD","FILLED"
"2021-06-07 07:28:52","58395695","EURBUSD","Limit","SELL","1.2142","90000EUR","2021-06-07 07:28:52","90000EUR","1.21452987","109307.687883BUSD","FILLED"
